{
  "generatedAt": "2026-02-06T00:45:18.746Z",
  "packRequestId": "22f6ef9a67196bb801a80f3175bb2436bec8593bf0ee7c08925ac45fc214d219",
  "seriesId": "SERIES-8BIT",
  "themeId": "8bit-sprites",
  "count": 5,
  "clientNonce": "d69c78d9c0ed1969",
  "clientNonceHash": "27350ca2e5022d1b2f1107a7d5999494496dd4ee021cfd1bb8a17230813c2e89",
  "serverSecret": "c2d87fda6aeb04126f048d30efc3dd02cffd78a39792bbbf",
  "serverCommit": "6400a63689670a3b447b3ca75a4f207b20c951e9c12a453ccc2a7192dea3df84",
  "packSeed": "11dbbfef94958df5d0d0ba8e1f8edd21b9fd3f5da765dee02152690e8db8380e",
  "packRoot": "f3635dac54b796d4b8ddc756d610a599b55b0a17da62dcc5a552f1c5221c8d1c",
  "algoVersion": "1.0.0",
  "kitHash": "ecc69d154cc73cb2f658a03e11dfd7df0458366efc6aee1a0dea1838c73a29cc",
  "themeHash": "fd057d5b5162bcce5f885e6c01774bfa7e65bed5b469376fb9bf889c0dfddb0a",
  "entries": [
    {
      "index": 0,
      "archetypeId": "mushroom",
      "bodyId": "mushroom",
      "eyesId": "wide",
      "identityId": null,
      "accessoryId": null,
      "frameId": null,
      "fxId": null,
      "paletteId": "mythic-aurora",
      "rarity": "rare"
    },
    {
      "index": 1,
      "archetypeId": "two-ear",
      "bodyId": "cat",
      "eyesId": "wink",
      "identityId": null,
      "accessoryId": null,
      "frameId": null,
      "fxId": null,
      "paletteId": "melon",
      "rarity": "common"
    },
    {
      "index": 2,
      "archetypeId": "wide-squat",
      "bodyId": "turtle",
      "eyesId": "glow",
      "identityId": null,
      "accessoryId": null,
      "frameId": null,
      "fxId": null,
      "paletteId": "soda",
      "rarity": "common"
    },
    {
      "index": 3,
      "archetypeId": "two-ear",
      "bodyId": "cat",
      "eyesId": "sleepy",
      "identityId": null,
      "accessoryId": null,
      "frameId": null,
      "fxId": null,
      "paletteId": "tang",
      "rarity": "common"
    },
    {
      "index": 4,
      "archetypeId": "wide-squat",
      "bodyId": "turtle",
      "eyesId": "wide",
      "identityId": null,
      "accessoryId": null,
      "frameId": null,
      "fxId": null,
      "paletteId": "soda",
      "rarity": "common"
    }
  ]
}