{
  "generatedAt": "2026-02-04T22:14:07.231Z",
  "packRequestId": "1bedf28e548bff4ea1733550e93a2443718a7962c89ff4cd5adc333d3336028e",
  "seriesId": "SERIES-ANIMAL-ARCHETYPE-8BIT",
  "themeId": "animal-archetype-8bit",
  "count": 5,
  "clientNonce": "3ed670565879fe89",
  "clientNonceHash": "5de915a377704e0e12f98456777a965d5286cdc769369a7ed7db4d1128b95f80",
  "serverSecret": "3e892497ffbeed7759febc62a4b6cf21846f2761cf62e31d",
  "serverCommit": "ff59a31c873c9352ae4d77af43838de22c5c2fe4fadacde1ad4ca59b17cf8a71",
  "packSeed": "c478b3b9d3821154bd4d9f2662fa61d68205e0d8067b761251de5e2e6e220238",
  "packRoot": "13621e20e5da883f85f94fd8dbe5e4845c842aabaae02851ecbaaf6b923fc21d",
  "algoVersion": "1.0.0",
  "kitHash": "d68480c5bd6bcf1f1914525721c5e0d830fbb3736acf13b46b8aad63da1bd97b",
  "themeHash": "1a088d3d74bde4e07a1c05f4ea7210bd29c0274ecc2a48e835c871c7ee7bb0e1",
  "entries": [
    {
      "index": 0,
      "archetypeId": "cat",
      "bodyId": "cat",
      "eyesId": "wide",
      "identityId": null,
      "accessoryId": null,
      "frameId": null,
      "fxId": null,
      "paletteId": "arcade",
      "rarity": "uncommon"
    },
    {
      "index": 1,
      "archetypeId": "bird",
      "bodyId": "bird",
      "eyesId": "wide",
      "identityId": null,
      "accessoryId": null,
      "frameId": null,
      "fxId": null,
      "paletteId": "soda",
      "rarity": "common"
    },
    {
      "index": 2,
      "archetypeId": "pig",
      "bodyId": "pig",
      "eyesId": "happy",
      "identityId": null,
      "accessoryId": null,
      "frameId": null,
      "fxId": null,
      "paletteId": "melon",
      "rarity": "common"
    },
    {
      "index": 3,
      "archetypeId": "frog",
      "bodyId": "frog",
      "eyesId": "frog-top-dots",
      "identityId": null,
      "accessoryId": null,
      "frameId": "frame-square",
      "fxId": "sparkles",
      "paletteId": "forest",
      "rarity": "common"
    },
    {
      "index": 4,
      "archetypeId": "axolotl",
      "bodyId": "axolotl",
      "eyesId": "wink",
      "identityId": null,
      "accessoryId": "axolotl-frills",
      "frameId": null,
      "fxId": null,
      "paletteId": "forest",
      "rarity": "common"
    }
  ]
}