{
  "generatedAt": "2026-02-05T23:27:48.270Z",
  "packRequestId": "55498ff1b8fa47315421f3f442d94e469ef61270baa5e4a47d6e55247b3c09fc",
  "seriesId": "SERIES-8BIT",
  "themeId": "8bit-sprites",
  "count": 5,
  "clientNonce": "526f8b7412e93384",
  "clientNonceHash": "97bde77ff275054a5da39162b53db15cd8a397c8b8ade9327bc35d163b3c233e",
  "serverSecret": "c8ebe379de8a3a2070b723fcc27d974883f9224799e2eaef",
  "serverCommit": "7ce950828d124370cdd554e7ecec52251b55257351b718b1506873b191295755",
  "packSeed": "6556900afa64e9205d7500e2768a8702110178dd18b05af32b2c5a2546eaf751",
  "packRoot": "7ec7ff816588794cd77ddc559eb6f968c292a510426142c80b9a9d66f99db1fe",
  "algoVersion": "1.0.0",
  "kitHash": "ecc69d154cc73cb2f658a03e11dfd7df0458366efc6aee1a0dea1838c73a29cc",
  "themeHash": "fd057d5b5162bcce5f885e6c01774bfa7e65bed5b469376fb9bf889c0dfddb0a",
  "entries": [
    {
      "index": 0,
      "archetypeId": "mushroom",
      "bodyId": "mushroom",
      "eyesId": "sleepy",
      "identityId": null,
      "accessoryId": null,
      "frameId": null,
      "fxId": null,
      "paletteId": "mythic-aurora",
      "rarity": "mythic"
    },
    {
      "index": 1,
      "archetypeId": "two-ear",
      "bodyId": "cat",
      "eyesId": "wink",
      "identityId": null,
      "accessoryId": null,
      "frameId": null,
      "fxId": null,
      "paletteId": "melon",
      "rarity": "common"
    },
    {
      "index": 2,
      "archetypeId": "two-ear",
      "bodyId": "cat",
      "eyesId": "sleepy",
      "identityId": null,
      "accessoryId": null,
      "frameId": null,
      "fxId": null,
      "paletteId": "tang",
      "rarity": "common"
    },
    {
      "index": 3,
      "archetypeId": "tall-ghost",
      "bodyId": "ghost",
      "eyesId": "wide",
      "identityId": null,
      "accessoryId": null,
      "frameId": null,
      "fxId": null,
      "paletteId": "melon",
      "rarity": "uncommon"
    },
    {
      "index": 4,
      "archetypeId": "round-blob",
      "bodyId": "slime",
      "eyesId": "happy",
      "identityId": null,
      "accessoryId": null,
      "frameId": null,
      "fxId": null,
      "paletteId": "melon",
      "rarity": "common"
    }
  ]
}