{
  "generatedAt": "2026-02-05T23:23:53.650Z",
  "packRequestId": "54df1316ce67dbfa45ad104fa5fe79ccc9b9510839d4c626ea5809b3b2b656b9",
  "seriesId": "SERIES-ANIMAL-ARCHETYPE-8BIT",
  "themeId": "animal-archetype-8bit",
  "count": 5,
  "clientNonce": "b9830ebe4b9d131c",
  "clientNonceHash": "83f0c8bc521286665710655e94b6bce8fa16415d73f82b49db03648909556adb",
  "serverSecret": "2de68acc98eefa40b158f63914826de9f6ec8154a58be89b",
  "serverCommit": "1bae588e6c25189a50393e0198e551d2f3d1779e286601d7e5e5efad04c67c72",
  "packSeed": "d0d82996a44b694bc7aef1e593614a8d7d9dbac1e4f4cd0670ef8e51e1dac566",
  "packRoot": "c90b49ff2bd0b004d9792a9ad7f2650b2a20bef4892566d13fe576ebcff1fa3e",
  "algoVersion": "1.0.0",
  "kitHash": "4df9c6d11a2cf33974de72b50fabeab1507355ead5afaff597fe3939903b2888",
  "themeHash": "1a088d3d74bde4e07a1c05f4ea7210bd29c0274ecc2a48e835c871c7ee7bb0e1",
  "entries": [
    {
      "index": 0,
      "archetypeId": "axolotl",
      "bodyId": "axolotl",
      "eyesId": "dots",
      "identityId": null,
      "accessoryId": null,
      "frameId": null,
      "fxId": null,
      "paletteId": "melon",
      "rarity": "common"
    },
    {
      "index": 1,
      "archetypeId": "frog",
      "bodyId": "frog",
      "eyesId": "frog-top-wide",
      "identityId": null,
      "accessoryId": null,
      "frameId": null,
      "fxId": null,
      "paletteId": "tang",
      "rarity": "common"
    },
    {
      "index": 2,
      "archetypeId": "frog",
      "bodyId": "frog",
      "eyesId": "frog-top-dots",
      "identityId": null,
      "accessoryId": null,
      "frameId": "frame-zig",
      "fxId": null,
      "paletteId": "mono",
      "rarity": "rare"
    },
    {
      "index": 3,
      "archetypeId": "pig",
      "bodyId": "pig",
      "eyesId": "sleepy",
      "identityId": null,
      "accessoryId": null,
      "frameId": null,
      "fxId": null,
      "paletteId": "tang",
      "rarity": "common"
    },
    {
      "index": 4,
      "archetypeId": "bird",
      "bodyId": "bird",
      "eyesId": "glow",
      "identityId": null,
      "accessoryId": null,
      "frameId": null,
      "fxId": null,
      "paletteId": "forest",
      "rarity": "common"
    }
  ]
}