{
  "generatedAt": "2026-02-04T22:14:15.234Z",
  "packRequestId": "6f7ef94f4de3008a5abece032b430519e8e2e1448b4e30d56bd30da8c12d0808",
  "seriesId": "SERIES-8BIT",
  "themeId": "8bit-sprites",
  "count": 5,
  "clientNonce": "56ca92c695ffaab9",
  "clientNonceHash": "756939ad1342018472e8cc4eb46651b536dc2debb04cbc9c68da2314d07f77ac",
  "serverSecret": "8cb026651c8f527af32231097ff0ddce6e1d4586d24be1b9",
  "serverCommit": "dfe8bcbcbd6af1e364595215296874f1ba39057779ffdb00407957e7717e54c6",
  "packSeed": "a72ebb6247360143a71d3f259dcd84c33b418a9e2bb4a8cd8f3ed9313e433902",
  "packRoot": "2799b75a87e8a4a443bf33d69b98d8952dc98de74d42ec5a5a6fe7f96a6ed12a",
  "algoVersion": "1.0.0",
  "kitHash": "e445a9e21ffc43550540354357cfd8b52f3a97a8e0f5f35a1cd2632774aaeb62",
  "themeHash": "fd057d5b5162bcce5f885e6c01774bfa7e65bed5b469376fb9bf889c0dfddb0a",
  "entries": [
    {
      "index": 0,
      "archetypeId": "round-blob",
      "bodyId": "slime",
      "eyesId": "happy",
      "identityId": null,
      "accessoryId": null,
      "frameId": null,
      "fxId": null,
      "paletteId": "melon",
      "rarity": "common"
    },
    {
      "index": 1,
      "archetypeId": "round-blob",
      "bodyId": "frog",
      "eyesId": "sleepy",
      "identityId": null,
      "accessoryId": null,
      "frameId": null,
      "fxId": null,
      "paletteId": "mythic-cosmic",
      "rarity": "uncommon"
    },
    {
      "index": 2,
      "archetypeId": "mushroom",
      "bodyId": "mushroom",
      "eyesId": "wink",
      "identityId": null,
      "accessoryId": null,
      "frameId": null,
      "fxId": null,
      "paletteId": "mythic-aurora",
      "rarity": "uncommon"
    },
    {
      "index": 3,
      "archetypeId": "mushroom",
      "bodyId": "mushroom",
      "eyesId": "sleepy",
      "identityId": null,
      "accessoryId": null,
      "frameId": null,
      "fxId": null,
      "paletteId": "mythic-aurora",
      "rarity": "common"
    },
    {
      "index": 4,
      "archetypeId": "round-blob",
      "bodyId": "frog",
      "eyesId": "sleepy",
      "identityId": null,
      "accessoryId": null,
      "frameId": null,
      "fxId": null,
      "paletteId": "mythic-cosmic",
      "rarity": "uncommon"
    }
  ]
}