{
  "generatedAt": "2026-02-06T00:45:18.983Z",
  "packRequestId": "3fa05ab29ab3bf8ccecbeb28226007bf60d1503d80fdfeb661bef3f14355ba48",
  "seriesId": "SERIES-ANIMAL-ARCHETYPE-8BIT",
  "themeId": "animal-archetype-8bit",
  "count": 5,
  "clientNonce": "ee69e92da018a5ed",
  "clientNonceHash": "a8d9f710709b96f6d2a1758c6e18e33df5e0fe3ec4e6d17fdf989ccc69d70deb",
  "serverSecret": "23d63a3ab8a1c1ba9940cc84285bc10b1c69786ff5686dd9",
  "serverCommit": "6e3bd8e94041398e06657341010bf7dfd9838cd4c248921813c46814f61fab87",
  "packSeed": "e300daee8695b734bb0a6ee13ca3c68e5186cd251040a14f4a05fee0f63127b9",
  "packRoot": "efee68dd417b771142f95a37633eb5058772eb2e35c326cf85ece532d8cea87f",
  "algoVersion": "1.0.0",
  "kitHash": "4df9c6d11a2cf33974de72b50fabeab1507355ead5afaff597fe3939903b2888",
  "themeHash": "1a088d3d74bde4e07a1c05f4ea7210bd29c0274ecc2a48e835c871c7ee7bb0e1",
  "entries": [
    {
      "index": 0,
      "archetypeId": "cat",
      "bodyId": "cat",
      "eyesId": "wide",
      "identityId": null,
      "accessoryId": null,
      "frameId": null,
      "fxId": null,
      "paletteId": "arcade",
      "rarity": "uncommon"
    },
    {
      "index": 1,
      "archetypeId": "frog",
      "bodyId": "frog",
      "eyesId": "frog-top-wide",
      "identityId": null,
      "accessoryId": "halo",
      "frameId": "frame-square",
      "fxId": "sparkles",
      "paletteId": "arcade",
      "rarity": "mythic"
    },
    {
      "index": 2,
      "archetypeId": "axolotl",
      "bodyId": "axolotl",
      "eyesId": "happy",
      "identityId": null,
      "accessoryId": null,
      "frameId": null,
      "fxId": null,
      "paletteId": "mono",
      "rarity": "uncommon"
    },
    {
      "index": 3,
      "archetypeId": "cat",
      "bodyId": "cat",
      "eyesId": "happy",
      "identityId": null,
      "accessoryId": null,
      "frameId": null,
      "fxId": null,
      "paletteId": "tang",
      "rarity": "common"
    },
    {
      "index": 4,
      "archetypeId": "cat",
      "bodyId": "cat",
      "eyesId": "wide",
      "identityId": null,
      "accessoryId": null,
      "frameId": null,
      "fxId": null,
      "paletteId": "melon",
      "rarity": "common"
    }
  ]
}