{
  "generatedAt": "2026-02-04T22:13:53.911Z",
  "packRequestId": "f4a166087ca30b64309222747b78cb0c1e5f03ebff2431fc1597ed494dcbb492",
  "seriesId": "SERIES-8BIT",
  "themeId": "8bit-sprites",
  "count": 5,
  "clientNonce": "070d4c33acfbc874",
  "clientNonceHash": "a6539e0ba930a34b78a5ad618a32dc908ea635ade0e7c813382813943f0dd7c3",
  "serverSecret": "7e405832b63a6eb7db7ed8ad6e231b4b924e065a6faf4c2a",
  "serverCommit": "4244a6269062d790053754a8247232f3054981fc42cf6a4444f032960300b6ba",
  "packSeed": "16f6b6a07cbdd87d811eebdabc1e22f63db221b783fd2aaab2de98299b07865f",
  "packRoot": "811795a687bad1017ea43eab83602ceed265aca81951e4bcd6c78d90a05b89c3",
  "algoVersion": "1.0.0",
  "kitHash": "e445a9e21ffc43550540354357cfd8b52f3a97a8e0f5f35a1cd2632774aaeb62",
  "themeHash": "fd057d5b5162bcce5f885e6c01774bfa7e65bed5b469376fb9bf889c0dfddb0a",
  "entries": [
    {
      "index": 0,
      "archetypeId": "two-ear",
      "bodyId": "cat",
      "eyesId": "wink",
      "identityId": null,
      "accessoryId": null,
      "frameId": null,
      "fxId": null,
      "paletteId": "melon",
      "rarity": "rare"
    },
    {
      "index": 1,
      "archetypeId": "tall-ghost",
      "bodyId": "ghost",
      "eyesId": "glow",
      "identityId": null,
      "accessoryId": null,
      "frameId": null,
      "fxId": null,
      "paletteId": "tang",
      "rarity": "rare"
    },
    {
      "index": 2,
      "archetypeId": "two-ear",
      "bodyId": "cat",
      "eyesId": "glow",
      "identityId": null,
      "accessoryId": null,
      "frameId": null,
      "fxId": null,
      "paletteId": "tang",
      "rarity": "uncommon"
    },
    {
      "index": 3,
      "archetypeId": "wide-squat",
      "bodyId": "turtle",
      "eyesId": "glow",
      "identityId": null,
      "accessoryId": null,
      "frameId": null,
      "fxId": null,
      "paletteId": "soda",
      "rarity": "common"
    },
    {
      "index": 4,
      "archetypeId": "round-blob",
      "bodyId": "frog",
      "eyesId": "sleepy",
      "identityId": null,
      "accessoryId": null,
      "frameId": null,
      "fxId": null,
      "paletteId": "mythic-cosmic",
      "rarity": "common"
    }
  ]
}