{
  "generatedAt": "2026-02-05T23:27:48.513Z",
  "packRequestId": "02c6b913ee14c4442a3adaa9b57ba5ddb17e24e2904dec1300934c5ccda203fc",
  "seriesId": "SERIES-ANIMAL-ARCHETYPE-8BIT",
  "themeId": "animal-archetype-8bit",
  "count": 5,
  "clientNonce": "0e702ae9325fb7e6",
  "clientNonceHash": "c7b4d4b47c78727fdf03504a8112208f6d5e8a82c9905e8aeea0689913477ee3",
  "serverSecret": "d6fa07fd70d55609f3a71f4a41fe968adda2567f9d1758b5",
  "serverCommit": "30a238792f6fa452c8b24783756a17231dc5cce1b119e8c447a40aab3aecae6b",
  "packSeed": "f62555c107d1441543389a74c97f6c29f7fb16838094f4b8c1d946a942edf109",
  "packRoot": "ce8cee90562d2d293a25b95e9c9605e81ece2986a824020971e00031b756f4b0",
  "algoVersion": "1.0.0",
  "kitHash": "4df9c6d11a2cf33974de72b50fabeab1507355ead5afaff597fe3939903b2888",
  "themeHash": "1a088d3d74bde4e07a1c05f4ea7210bd29c0274ecc2a48e835c871c7ee7bb0e1",
  "entries": [
    {
      "index": 0,
      "archetypeId": "frog",
      "bodyId": "frog",
      "eyesId": "frog-top-dots",
      "identityId": null,
      "accessoryId": null,
      "frameId": "frame-zig",
      "fxId": null,
      "paletteId": "mono",
      "rarity": "rare"
    },
    {
      "index": 1,
      "archetypeId": "bird",
      "bodyId": "bird",
      "eyesId": "happy",
      "identityId": null,
      "accessoryId": null,
      "frameId": null,
      "fxId": null,
      "paletteId": "mono",
      "rarity": "common"
    },
    {
      "index": 2,
      "archetypeId": "fish",
      "bodyId": "fish",
      "eyesId": "glow",
      "identityId": null,
      "accessoryId": null,
      "frameId": null,
      "fxId": null,
      "paletteId": "mono",
      "rarity": "common"
    },
    {
      "index": 3,
      "archetypeId": "frog",
      "bodyId": "frog",
      "eyesId": "frog-top-dots",
      "identityId": null,
      "accessoryId": null,
      "frameId": "frame-square",
      "fxId": "sparkles",
      "paletteId": "forest",
      "rarity": "rare"
    },
    {
      "index": 4,
      "archetypeId": "pig",
      "bodyId": "pig",
      "eyesId": "sleepy",
      "identityId": null,
      "accessoryId": null,
      "frameId": null,
      "fxId": null,
      "paletteId": "tang",
      "rarity": "common"
    }
  ]
}