{
  "generatedAt": "2026-02-04T22:30:08.920Z",
  "packRequestId": "1258b490ccc69fb48a89421f8a899c8088168040661dd5a028ac7b201a3e8f0a",
  "seriesId": "SERIES-8BIT",
  "themeId": "8bit-sprites",
  "count": 5,
  "clientNonce": "2d580a371f7508da",
  "clientNonceHash": "70fec52bda7914316e9b61c4559f04e892cc2bea85d59856a325052f2ba9eae2",
  "serverSecret": "b8c1d5966e0ecca28586869eafedad40036257f2d4db6dc3",
  "serverCommit": "e19e0018f0ef80a26647d4b35e05fc81909fb045ae86385abc0ed215f50138f2",
  "packSeed": "d8321de24a828c4b576e35f8e298e2e8995ad62edc3fb1668ef065964220aa44",
  "packRoot": "e6d2fa23d4338e2fc750c16c32e6bae39568ec44b53d9dc7acb481d572c7420a",
  "algoVersion": "1.0.0",
  "kitHash": "e445a9e21ffc43550540354357cfd8b52f3a97a8e0f5f35a1cd2632774aaeb62",
  "themeHash": "fd057d5b5162bcce5f885e6c01774bfa7e65bed5b469376fb9bf889c0dfddb0a",
  "entries": [
    {
      "index": 0,
      "archetypeId": "antenna-bug",
      "bodyId": "bug",
      "eyesId": "glow",
      "identityId": null,
      "accessoryId": "friends",
      "frameId": null,
      "fxId": null,
      "paletteId": "mythic-aurora",
      "rarity": "common"
    },
    {
      "index": 1,
      "archetypeId": "wide-squat",
      "bodyId": "turtle",
      "eyesId": "sleepy",
      "identityId": null,
      "accessoryId": null,
      "frameId": null,
      "fxId": null,
      "paletteId": "mythic-cosmic",
      "rarity": "common"
    },
    {
      "index": 2,
      "archetypeId": "two-ear",
      "bodyId": "cat",
      "eyesId": "sleepy",
      "identityId": null,
      "accessoryId": null,
      "frameId": null,
      "fxId": null,
      "paletteId": "tang",
      "rarity": "common"
    },
    {
      "index": 3,
      "archetypeId": "round-blob",
      "bodyId": "frog",
      "eyesId": "dots",
      "identityId": null,
      "accessoryId": null,
      "frameId": null,
      "fxId": null,
      "paletteId": "mythic-cosmic",
      "rarity": "uncommon"
    },
    {
      "index": 4,
      "archetypeId": "mushroom",
      "bodyId": "mushroom",
      "eyesId": "wink",
      "identityId": null,
      "accessoryId": null,
      "frameId": null,
      "fxId": null,
      "paletteId": "mythic-aurora",
      "rarity": "common"
    }
  ]
}