{
  "generatedAt": "2026-02-05T23:23:53.405Z",
  "packRequestId": "af7f6787e60ae315728b8b0734518ff54d0a988108eb0b604bb763bc6bf00a38",
  "seriesId": "SERIES-8BIT",
  "themeId": "8bit-sprites",
  "count": 5,
  "clientNonce": "4aa4a17e785cff10",
  "clientNonceHash": "03c6b367edc32b2c0668b24ecbbe5bed1279712f6b2f0381c22d57ecae1444bc",
  "serverSecret": "25f60ce1039bc2d1bd46e356ad8e3ba691f92d7b8094c6e9",
  "serverCommit": "b3cfc3e166bcc096a37a57256029e3ab9aee87c8d42a7925e9f686d76ae700ca",
  "packSeed": "d3f32add8a6b582751214b778db7026848a3bc53bc274a8e68ff1d388b00fbed",
  "packRoot": "55f35b86246690f45e9c309619b6d0bd4ca5c4837b389206e5612267ea6875a0",
  "algoVersion": "1.0.0",
  "kitHash": "ecc69d154cc73cb2f658a03e11dfd7df0458366efc6aee1a0dea1838c73a29cc",
  "themeHash": "fd057d5b5162bcce5f885e6c01774bfa7e65bed5b469376fb9bf889c0dfddb0a",
  "entries": [
    {
      "index": 0,
      "archetypeId": "wide-squat",
      "bodyId": "turtle",
      "eyesId": "dots",
      "identityId": null,
      "accessoryId": null,
      "frameId": null,
      "fxId": null,
      "paletteId": "tang",
      "rarity": "common"
    },
    {
      "index": 1,
      "archetypeId": "boxy-robot",
      "bodyId": "robot",
      "eyesId": "glow",
      "identityId": null,
      "accessoryId": null,
      "frameId": null,
      "fxId": null,
      "paletteId": "tang",
      "rarity": "common"
    },
    {
      "index": 2,
      "archetypeId": "two-ear",
      "bodyId": "cat",
      "eyesId": "glow",
      "identityId": null,
      "accessoryId": null,
      "frameId": null,
      "fxId": null,
      "paletteId": "tang",
      "rarity": "common"
    },
    {
      "index": 3,
      "archetypeId": "wide-squat",
      "bodyId": "turtle",
      "eyesId": "wide",
      "identityId": null,
      "accessoryId": null,
      "frameId": null,
      "fxId": null,
      "paletteId": "soda",
      "rarity": "common"
    },
    {
      "index": 4,
      "archetypeId": "round-blob",
      "bodyId": "slime",
      "eyesId": "sleepy",
      "identityId": null,
      "accessoryId": null,
      "frameId": null,
      "fxId": null,
      "paletteId": "mono",
      "rarity": "uncommon"
    }
  ]
}