{
  "670899a7fc7d735f8edea4f73adcae7c95d6dfc06400c3cacefa768d673c95e4": {
    "serverSecret": "777c7c5359901682dbadd8906b53c33e0194f997212cfd97",
    "clientNonceHash": "1b56c2e8a8edc503f080547e1ca61908278be17b56ff002e0a3fd99a386a8189",
    "seriesId": "SERIES-8BIT",
    "themeId": "8bit-sprites",
    "count": 5,
    "issuedAt": "2026-02-06T21:35:18.661Z",
    "issuedTo": "unknown"
  },
  "9191bdba447a3c92179e4ceddcd7bdc7134717fb69d30fd7f6caa49c6f339cf0": {
    "serverSecret": "0d7dff8841b0bdac0b12b41c70d5ba4da3798253ad4710c3",
    "clientNonceHash": "6ee74cc821f03be8a63219bca7a2a05a3e81614edf617b8e8db0d56a2293663b",
    "seriesId": "SERIES-8BIT",
    "themeId": "8bit-sprites",
    "count": 5,
    "issuedAt": "2026-02-06T21:35:45.032Z",
    "issuedTo": "unknown"
  },
  "aeee2bec8bcc8c8010263e489a6d4d4678623c139611f8386a5a3db95a0b7da7": {
    "serverSecret": "1ad5387f8198971b1cd65ee064a483fa05c959c112d1d14e",
    "clientNonceHash": "7609d4de85d6a0f7962590478456ad493c5d094209c5a4aef7784e7506fd58d9",
    "seriesId": "SERIES-ANIMAL-ARCHETYPE-8BIT",
    "themeId": "animal-archetype-8bit",
    "count": 5,
    "issuedAt": "2026-02-06T21:46:46.801Z",
    "issuedTo": "unknown"
  },
  "82f3752a5a448922b7eb6d9ba3e4e960d38dde3db8df08e9788d61eb747a55a5": {
    "serverSecret": "e41c48033693496cf2880968e384dc2be8f0101dba2404f3",
    "clientNonceHash": "63b7dec5d41472f5b608c2fb68d7d209bf868ff968e34ea207acbd8e76c2a5f9",
    "seriesId": "SERIES-8BIT",
    "themeId": "8bit-sprites",
    "count": 5,
    "issuedAt": "2026-02-06T21:54:36.737Z",
    "issuedTo": "unknown"
  },
  "85e9235da28dca8019fd0604984ebdddbf2077ff95fcc18413dc765d95b4ba08": {
    "serverSecret": "d0f567e1c8d3e6f306c172fd841a721707de6afbc1c925c5",
    "clientNonceHash": "0902267e3c8619561ce009580b0c726600bea8b8542f83b9fca1586c55eefa84",
    "seriesId": "SERIES-8BIT",
    "themeId": "8bit-sprites",
    "count": 5,
    "issuedAt": "2026-02-06T22:04:19.515Z",
    "issuedTo": "unknown"
  },
  "c15456ef360e611b1f23efbe35d09919a80f8da2ca1f45f018811eef7c6b7168": {
    "serverSecret": "48314d036dd7b21a2914ce9b38e99c2f8001611072c31384",
    "clientNonceHash": "f99367a64812bafd37fbae92dbe51af02ec47ca662c3cc4da9c47d432d99e92c",
    "seriesId": "SERIES-8BIT",
    "themeId": "8bit-sprites",
    "count": 5,
    "issuedAt": "2026-02-06T22:06:30.489Z",
    "issuedTo": "unknown"
  },
  "93b88901e128d229a0e22d4ae5feb2617cf9f4293defad00d639ee598b0ab24e": {
    "serverSecret": "d1060ccb7cf49c204e1c18dc9f38b9a517d0d986c6b1809c",
    "clientNonceHash": "8cf99445b962a5421e02bdff6a41a9360306f188f4cf9c292e18dbbf570c86fd",
    "seriesId": "SERIES-8BIT",
    "themeId": "8bit-sprites",
    "count": 5,
    "issuedAt": "2026-02-06T22:06:37.277Z",
    "issuedTo": "unknown"
  },
  "c9d4963af5e56846f0ef987ba3ee6ecb20448d0b9b0a48f359726a7025154066": {
    "serverSecret": "a6f2936675081b2e4a0928d6cc4e3e3c04370849b1b1f5f5",
    "clientNonceHash": "133b65f06fe9bd9eb630ffbc29f04a5b942a185573abefe204185c76b47cb50b",
    "seriesId": "SERIES-8BIT",
    "themeId": "8bit-sprites",
    "count": 5,
    "issuedAt": "2026-02-06T22:10:15.925Z",
    "issuedTo": "unknown"
  },
  "5556d326d7d2ee9653350d599315972b88eeed292ff3df491c4d1cae7dabd889": {
    "serverSecret": "41d948d61de2c568677a2b2d61dd38f63de759382822e778",
    "clientNonceHash": "1456c1cebe56fbecc92c1b23063b88d21d11da95900ed253e3b492afd9473740",
    "seriesId": "SERIES-8BIT",
    "themeId": "8bit-sprites",
    "count": 5,
    "issuedAt": "2026-02-06T22:11:04.269Z",
    "issuedTo": "unknown"
  },
  "a48323e449f3826fa3176965a20e9b5b36a4a6a24a31ae0aef2aaf014f6740fb": {
    "serverSecret": "ca30e15430aa018941b4d3638e6e4627b3f7a7bfa85a97ba",
    "clientNonceHash": "a94a283675b0ea49f5f048e5ee0dd5dec6ece9f547312a4531c6e7d0eb82d5fe",
    "seriesId": "SERIES-8BIT",
    "themeId": "8bit-sprites",
    "count": 5,
    "issuedAt": "2026-02-06T22:11:11.007Z",
    "issuedTo": "unknown"
  },
  "330b183f941aa3c0661a0bfc4a0ec8cb4a1e17e340fad170a76605722f941c1a": {
    "serverSecret": "627f826c12b0a58360523baa5eed750c6404dc657657cdfe",
    "clientNonceHash": "bb887dc598d225f0f0a0739f6a044f4af9931f1be45e2fe7817718efa6aa4f8c",
    "seriesId": "SERIES-8BIT",
    "themeId": "8bit-sprites",
    "count": 5,
    "issuedAt": "2026-02-06T22:11:16.944Z",
    "issuedTo": "unknown"
  },
  "5c51e868acf3b0a40568618430a7f1de25cb2cbb8c74a2d8e0cd1104407af24d": {
    "serverSecret": "a93af41db571ad3db5b5d18ea6539f206218de45f7c578ac",
    "clientNonceHash": "5cc6a95e4f838ee724c0e84c3d40bb7c1d47370986b1706254ffc86bcaf6f3a0",
    "seriesId": "SERIES-8BIT",
    "themeId": "8bit-sprites",
    "count": 5,
    "issuedAt": "2026-02-06T22:11:50.100Z",
    "issuedTo": "unknown"
  },
  "debug-1770416668127": {
    "serverSecret": "cc21ff04534b28056b8ea9f3f9ddc614767d473213089b8c",
    "clientNonceHash": "f2a4aa8115250dd825458db6d1bd63c7ad35926e28167e3ba5c6d0d6bd8b5018",
    "seriesId": "S1",
    "themeId": "stickerbook",
    "count": 5,
    "issuedAt": "2026-02-06T22:24:28.155Z",
    "issuedTo": "unknown"
  },
  "debug-1770416688143": {
    "serverSecret": "bda58ade1ff04e32118341c1612afe334fa47561a6db6280",
    "clientNonceHash": "4643e4ab39590db6dab50ddaf8032934cb6d2e487811cfb8cb2e076e57eb9438",
    "seriesId": "S1",
    "themeId": "stickerbook",
    "count": 5,
    "issuedAt": "2026-02-06T22:24:48.174Z",
    "issuedTo": "unknown"
  }
}